424694,Bohemian Rhapsody
480530,Creed II
332562,A Star Is Born
504172,The Mule
450465,Glass
401469,Widows
446807,The Girl in the Spider's Web
483906,Polar
568709,Preman Pensiun
369972,First Man
375262,The Favourite
429197,Vice
505954,Т-34
405774,Bird Box
426426,Roma
337167,Fifty Shades Freed
489999,Searching
462391,ஆண் தேவதை
487558,BlacKkKlansman
440626,Собибор
484247,A Simple Favor
438808,White Boy Rick
490132,Green Book
433249,IO
451915,Beautiful Boy
447332,A Quiet Place
446021,Bad Times at the El Royale
157336,Interstellar
398173,The House That Jack Built
361292,Suspiria
443055,Love of My Life
458594,Peppermint
470044,The Hate U Give
263115,Logan
466411,Speed Kills
155,The Dark Knight
315635,Spider-Man: Homecoming
399360,Alpha
400535,Sicario: Day of the Soldado
449459,The Vanishing
244786,Whiplash
407436,Mowgli: Legend of the Jungle
8966,Twilight
286217,The Martian
150540,Inside Out
537996,The Ballad of Buster Scruggs
440472,The Upside
272,Batman Begins
281957,The Revenant
65754,The Girl with the Dragon Tattoo
340613,The Wife
316029,The Greatest Showman
438145,Black '47
49026,The Dark Knight Rises
210577,Gone Girl
64690,Drive
446101,Assassination Nation
455207,Crazy Rich Asians
440161,The Sisters Brothers
489930,Blindspotting
398818,Call Me by Your Name
205596,The Imitation Game
16869,Inglourious Basterds
399055,The Shape of Water
216015,Fifty Shades of Grey
350,The Devil Wears Prada
507076,Climax
452832,Serenity
500475,SuperFly
454227,Outlaw King
458737,First Reformed
334543,Lion
513340,Animals
119450,Dawn of the Planet of the Apes
455980,Tag
11324,Shutter Island
312221,Creed
569547,Black Mirror: Bandersnatch
150689,Cinderella
520360,King of Thieves
516716,Milly & Mamet
106646,The Wolf of Wall Street
168259,Furious 7
457136,Mary Queen of Scots
474354,22 July
68718,Django Unchained
473019,The Souvenir
242582,Nightcrawler
492616,Luce
18239,The Twilight Saga: New Moon
565593,Dolce Fine Giornata
514586,Photograph
14574,The Boy in the Striped Pyjamas
194662,Birdman
565307,Clemency
451925,Time Freak
315837,Ghost in the Shell
77338,Intouchables
419743,Disobedience
401847,Can You Ever Forgive Me?
472451,Boy Erased
329865,Arrival
449176,Love, Simon
112160,Chroniques sexuelles d'une famille d'aujourd'hui
486947,Den skyldige
503346,Occupation
281338,War for the Planet of the Apes
393624,Official Secrets
468362,The Angel
462919,Sierra Burgess Is a Loser
395841,Hold the Dark
324786,Hacksaw Ridge
374720,Dunkirk
429203,The Old Man & the Gun
506554,Judy and Punch
359940,Three Billboards Outside Ebbing, Missouri
61791,Rise of the Planet of the Apes
313369,La La Land
392044,Murder on the Orient Express
465914,If Beale Street Could Talk
448776,A Prayer Before Dawn
489927,The Kindergarten Teacher
261470,Perdona si te llamo amor
346672,Underworld: Blood Wars
565377,Mope
1124,The Prestige
440298,Zimna wojna
38,Eternal Sunshine of the Spotless Mind
429351,12 Strong
339103,Gotti
381284,Hidden Figures
1422,The Departed
406997,Wonder
228150,Fury
417261,Forever My Girl
433498,Papillon
273248,The Hateful Eight
500919,211
341174,Fifty Shades Darker
7485,Shooter
449924,葉問4
400579,Tully
400617,Phantom Thread
460071,Lizzie
391713,Lady Bird
401545,Todos lo saben
429415,Extinction
311291,45 Years
50620,The Twilight Saga: Breaking Dawn - Part 2
11130,The Princess Diaries 2: Royal Engagement
152601,Her
301337,Downsizing
345934,Air Strike
11036,The Notebook
28178,Hachi: A Dog's Tale
273481,Sicario
565389,Los tiburones
414191,Our House
464502,Acrimony
446354,The Post
372058,君の名は。
15472,Män som hatar kvinnor
476292,さよならの朝に約束の花をかざろう
120467,The Grand Budapest Hotel
472734,Dumplin'
340674,Dark Crimes
414919,Hart Beat
6479,I Am Legend
24021,The Twilight Saga: Eclipse
278927,The Jungle Book
396371,Molly's Game
470894,At First Light
470229,Summer of 84
49047,Gravity
1417,El laberinto del fauno
4922,The Curious Case of Benjamin Button
117251,White House Down
58595,Snow White and the Huntsman
491622,iमणिकर्णिका
454652,Colette
475132,A Private War
522039,The Last Black Man in San Francisco
524348,The Report
395990,Death Wish
493900,303
254128,San Andreas
402298,Denial
389015,I, Tonya
401905,Fahrenheit 451
84892,The Perks of Being a Wallflower
333371,10 Cloverfield Lane
332567,The Shallows
399905,여자전쟁: 비열한 거래
124905,Godzilla
196867,Annie
432301,Chappaquiddick
489931,American Animals
6977,No Country for Old Men
399170,Logan Lucky
385360,Billionaire Boys Club
652,Troy
302946,The Accountant
395834,Wind River
370663,Below Her Mouth
536413,純平、考え直せ
502682,Book Club
459910,Braven
274857,King Arthur: Legend of the Sword
489929,Destination Wedding
419831,I Kill Giants
399057,The Killing of a Sacred Deer
530442,My Teacher, My Obsession
429417,Ghost Stories
62764,Mirror Mirror
44214,Black Swan
384680,Hostiles
419478,Midnight Sun
2503,The Bourne Ultimatum
49017,Dracula Untold
220882,London Fields
566100,Keluarga Cemara
483184,Dogman
491418,Instant Family
443463,Leave No Trace
20662,Robin Hood
484297,Abe
254320,The Lobster
446791,All the Money in the World
147441,Exodus: Gods and Kings
264660,Ex Machina
565311,Imaginary Order
554733,Orang Kaya Baru
17979,A Christmas Carol
412862,ராட்சசன்
76203,12 Years a Slave
7840,10,000 BC
335797,Sing
1402,The Pursuit of Happyness
487670,The Death of Superman
443009,Don't Worry, He Won't Get Far on Foot
363676,Sully
395992,Life
385332,Terminal
296096,Me Before You
2502,The Bourne Supremacy
72190,World War Z
465136,Every Day
283366,Miss Peregrine's Home for Peculiar Children
37799,The Social Network
483353,The Wolf Hour
274479,Joy
487476,Le Jeu
222935,The Fault in Our Stars
296098,Bridge of Spies
290595,The Huntsman: Winter's War
82695,Les Misérables
346685,The Girl on the Train
399404,Darkest Hour
9693,Children of Men
369523,The Tale
381283,mother!
1246,Rocky Balboa
353326,The Man Who Knew Infinity
53182,300: Rise of an Empire
68734,Argo
554731,A Man Called Ahok
398181,You Were Never Really Here
517814,کفرناحوم
23168,The Town
535308,Hala
6947,The Village
339692,Shot Caller
396461,Under the Silver Lake
381289,A Dog's Purpose
429195,Dark River
207932,Inferno
388,Inside Man
254,King Kong
10947,High School Musical
561,Constantine
13223,Gran Torino
13813,Defiance
83686,The Words
437586,Mid90s
10184,He's Just Not That Into You
500852,Miss Bala
307081,Southpaw
70,Million Dollar Baby
419407,Astral
12162,The Hurt Locker
542044,デイアンドナイト
472454,Ayla
787,Mr. & Mrs. Smith
20497,Ballet Shoes
1949,Zodiac
425972,Cargo
31011,Mr. Nobody
296524,Deepwater Horizon
594,The Terminal
5915,Into the Wild
72570,The Vow
390874,Ashes in the Snow
14047,The Great Debaters
295011,Patient Zero
201088,Blackhat
13374,Ice Princess
274870,Passengers
489925,Eighth Grade
146233,Prisoners
13885,Sweeney Todd: The Demon Barber of Fleet Street
400710,Flatliners
511404,Les Estivants
290098,아가씨
64682,The Great Gatsby
485164,Pearl
75780,Jack Reacher
45317,The Fighter
565341,The Sound of Silence
517331,El reino
407448,Detroit
339877,Loving Vincent
10200,The Day the Earth Stood Still
386877,내 친구의 아내
369885,Allied
44115,127 Hours
345920,Collateral Beauty
122906,About Time
9509,Man on Fire
68724,Elysium
4982,American Gangster
413362,Roman J. Israel, Esq.
343674,Gerald's Game
2253,Valkyrie
496328,संजू
8321,In Bruges
430424,Au revoir là-haut
527228,Shinaab, Part II
463387,Un peuple et son roi
403119,47 Meters Down
24420,The Time Traveler's Wife
340666,Nocturnal Animals
50348,The Lincoln Lawyer
508763,A Dog's Way Home
395991,Only the Brave
453201,The 15:17 to Paris
50646,Crazy, Stupid, Love.
365222,葉問3
9762,Step Up
17431,Moon
491472,At Eternity's Gate
